__order__,bin,n_obs,prop_good,prop_n_obs,n_good,n_bad,prop_n_good,prop_n_bad,WoE,diff_prop_good,diff_WoE,IV_component,IV
0,"(-inf, 7.26]",177603,0.9744655214157418,0.09824424567284555,173068.0,4535.0,0.10983716216130453,0.019539665305137618,1.7265523651743557,,,0.15590335676633893,0.45161545841449274
1,"(7.26, 7.99]",119718,0.9530312901986334,0.06622413249473108,114095.0,5623.0,0.0724100990176927,0.024227461523878464,1.0948589878857529,0.021434231217108413,0.6316933772886029,0.05275319372014359,0.45161545841449274
2,"(7.99, 10.72]",302375,0.9299148408433237,0.16726408779877971,281183.0,21192.0,0.17845206952181855,0.09130861899591541,0.6700748555617723,0.023116449355309765,0.4247841323239806,0.05839263502429899,0.45161545841449274
3,"(10.72, 11.47]",115960,0.9083390824422215,0.06414532822206365,105331.0,10629.0,0.0668480489033927,0.0457964944935629,0.378214561309511,0.021575758401102152,0.2918602942522613,0.00796200441599708,0.45161545841449274
4,"(11.47, 12.12]",123569,0.889009379375086,0.06835438136488602,109854.0,13715.0,0.06971855924878052,0.05909294590076349,0.16535499445252222,0.01932970306713555,0.21285956685698876,0.0017569982362160021,0.45161545841449274
5,"(12.12, 12.99]",122474,0.8786354654865522,0.06774866271704919,107610.0,14864.0,0.06829441040618706,0.06404356892956241,0.06426430713161181,0.010373913888533703,0.10109068732091041,0.0002731773822216006,0.45161545841449274
6,"(12.99, 14.48]",242748,0.8571234366503534,0.1342803564612755,208065.0,34683.0,0.1320479184198802,0.14943643038105578,-0.12370621163405451,0.02151202883619885,0.18797051876566634,0.0021510669406704743,0.45161545841449274
7,"(14.48, 15.61]",120389,0.8409240046848134,0.06659530803144205,101238.0,19151.0,0.06425043695475852,0.08251469244954587,-0.25018783973244785,0.016199431965539968,0.12648162809839333,0.004569494626562339,0.45161545841449274
8,"(15.61, 16.99]",118976,0.8295790747713825,0.06581368205026082,98700.0,20276.0,0.06263970176647767,0.08736190820881375,-0.33266005969031065,0.011344929913430946,0.0824722199578628,0.008224090670783703,0.45161545841449274
9,"(16.99, 20.99]",239896,0.779275185913896,0.13270272213832512,186945.0,52951.0,0.11864416460723574,0.22814659703910517,-0.6538595876558028,0.05030388885748649,0.3211995279654921,0.07159921531720954,0.45161545841449274
10,"(20.99, MISSING]",124062,0.7221308700488466,0.06862709304834133,89589.0,34473.0,0.056857428992471815,0.1485316167726591,-0.9602509435384999,0.05714431586504942,0.30639135588269717,0.08803022531405047,0.45161545841449274
