bin,n_obs,prop_good,prop_n_obs,n_good,n_bad,prop_n_good,prop_n_bad,WoE,diff_prop_good,diff_WoE,IV_component,IV,__order__
LA | OK | AR | MS | AL | IA | NM | NY | NV,267362,0.8552000658283526,0.14789602659630374,228648.0,38714.0,0.14511086656029976,0.1668045430260414,-0.13932467779184698,,,0.003022464483710027,0.01375604442739423,0
SD | FL,132985,0.8616084520810617,0.0735630085685679,114581.0,18404.0,0.07271853767076776,0.079296141185392,-0.08659312472088163,0.0064083862527091195,0.05273155307096536,0.0005695752415063656,0.01375604442739423,1
PA | IN | MD | NC | MO | HI,222419,0.865362221752638,0.12303500998467726,192473.0,29946.0,0.12215249562410595,0.12902642055736518,-0.05474696516645043,0.003753769671576257,0.031846159554431194,0.0003763265288779386,0.01375604442739423,2
NJ | CA,317758,0.8680662642639997,0.17577346675738617,275835.0,41923.0,0.1750579750431243,0.18063095668958862,-0.03133883133779203,0.002704042511361693,0.023408133828658403,0.0001746507318671562,0.01375604442739423,3
TN | KY | MI | MN | VA | AK,178999,0.8697590489332343,0.09901646780287315,155686.0,23313.0,0.09880572045811391,0.10044723644072179,-0.016477076476022184,0.001692784669234615,0.014861754861769844,2.7047384382042743e-05,0.01375604442739423,4
AZ | OH | TX | DE,257542,0.8725683577824199,0.14246391963579438,224723.0,32819.0,0.1426198753806298,0.1414051324474777,0.008553826584255114,0.002809308849185621,0.025030903060277297,1.0390700394632483e-05,0.01375604442739423,5
RI | GA | WI | NE | UT | MA,150860,0.880133898979186,0.08345088147275373,132777.0,18083.0,0.08426658238548738,0.07791306895541424,0.07839166786376671,0.007565541196766112,0.06983784127951159,0.0004980625145782755,0.01375604442739423,6
WY | IL | MT | CT | ND | KS | WA,166298,0.892235625202949,0.09199068465568075,148377.0,17921.0,0.09416708236073613,0.07721506988607965,0.19847603026872446,0.012101726223762932,0.12008436240495775,0.003364568141035715,0.01375604442739423,7
SC | CO | DC | OR | MISSING | ME | ID | VT | NH | WV,113547,0.9033968312681092,0.06281053452596293,102578.0,10969.0,0.06510086451673502,0.047261430811919414,0.32024327652844214,0.011161206065160245,0.12176724625971769,0.005712958701042077,0.01375604442739423,8
